certificate_number,address1,address2,address3,posttown,postcode,address,constituency,constituency_label,local_authority,local_authority_label,asset_rating,asset_rating_band,property_type,inspection_date,lodgement_date,lodgement_datetime,transaction_type,new_build_benchmark,existing_stock_benchmark,building_level,main_heating_fuel,other_fuel_desc,special_energy_uses,renewable_sources,floor_area,standard_emissions,target_emissions,typical_emissions,building_emissions,aircon_present,aircon_kw_rating,estimated_aircon_kw_rating,ac_inspection_commissioned,building_environment,report_type,primary_energy_value,uprn,uprn_source
9000-8940-0350-6800-2090,,271-275 Grimsby Road,,CLEETHORPES,DN35 7HE,271-275 Grimsby Road,E14001255,Great Grimsby and Cleethorpes,E06000012,North East Lincolnshire,70,C,Retail,2010-10-08,2010-10-08,2010-10-08 17:11:25,Mandatory issue (Property to let).,59,96,3,Grid Supplied Electricity,,,,232,86.83,102.66,166.95,121.27,Yes,"",2,5,Air Conditioning,3,,11079896,Energy Assessor
0270-5984-0340-1671-6070,VISITOR'S CENTRE,Severn Trent Water Ltd,Reservoir Road,COALVILLE,LE67 1AR,"VISITOR'S CENTRE, Severn Trent Water Ltd, Reservoir Road",E14001364,Mid Leicestershire,E07000132,Hinckley and Bosworth,204,G,Community/day centre,2010-03-26,2010-03-29,2013-08-07 12:51:21,Voluntary (No legal requirement for an EPC).,29,56,3,Grid Supplied Electricity,,,,129,68.7,39.43,76.41,280.86,No,"",,4,Heating and Natural Ventilation,3,,,Address Matched
9191-3036-0107-0102-0071,GROUND & FIRST FLOOR OFFICES,14 Devonshire Square,,LONDON,EC2M 4YT,"GROUND & FIRST FLOOR OFFICES, 14 Devonshire Square",E14001172,Cities of London and Westminster,E09000001,City of London,111,E,Office,2010-06-30,2010-06-30,2012-07-14 18:34:49,Mandatory issue (Marketed sale).,64,144,3,Grid Supplied Electricity,,,,279,32.2,41.05,92.51,71.43,Yes,"",1,4,Air Conditioning,3,,,Address Matched
9200-6978-0310-3070-9060,,Kiosks A & B,John Street,CARMARTHEN,SA31 1QN,"Kiosks A & B, John Street",W07000087,Caerfyrddin,W06000010,Carmarthenshire,74,C,Retail,2010-10-20,2010-11-02,2011-07-03 17:30:03,Mandatory issue (Marketed sale).,51,76,3,Grid Supplied Electricity,,,,17,141.73,145.74,215.67,208.86,No,"",,4,Heating and Natural Ventilation,3,,,
9568-3046-0409-0702-4291,SOUTH & EAST FACING THIRD FLOOR OFFICE,3 London Wall Buildings,,LONDON,EC2M 5SY,"SOUTH & EAST FACING THIRD FLOOR OFFICE, 3 London Wall Buildings",E14001172,Cities of London and Westminster,E09000001,City of London,88,D,Office,2010-06-14,2010-06-15,2013-08-07 13:42:51,Mandatory issue (Marketed sale).,65,146,3,Grid Supplied Electricity,,,,549,35.17,45.86,102.48,62.11,Yes,"",2,5,Air Conditioning,3,,,
0292-2710-6030-8400-1003,,143 High Street,Farnborough,ORPINGTON,BR6 7AZ,"143 High Street, Farnborough",E14001417,Orpington,E09000006,Bromley,122,E,Retail,2010-09-28,2010-09-30,2010-10-01 15:53:50,Mandatory issue (Property to let).,58,94,3,Grid Supplied Electricity,,,,98,65.21,75.75,122.59,158.9,Yes,"",3,5,Air Conditioning,3,,100023528476,Energy Assessor
9924-3053-0408-0501-8301,FIRST & SECOND FLOOR OFFICES,"185-189, High Street",,EPPING,CM16 4BL,"FIRST & SECOND FLOOR OFFICES, 185-189, High Street",E14001226,Epping Forest,E07000072,Epping Forest,148,F,Office,2010-07-08,2010-07-09,2013-08-28 17:34:14,Mandatory issue (Property to let).,38,61,3,Grid Supplied Electricity,,,,125,32.48,24.98,39.81,96.45,No,"",,4,Heating and Natural Ventilation,3,,,Address Matched
9833-3017-0505-1901-6525,VISITOR'S CENTRE,Severn Trent Water Ltd,Carsington Water,ASHBOURNE,DE6 1ST,"VISITOR'S CENTRE, Severn Trent Water Ltd, Carsington Water",E14001195,Derbyshire Dales,E07000035,Derbyshire Dales,62,C,Libraries/museums/galleries,2010-03-26,2010-03-30,2013-08-23 17:20:58,Voluntary (No legal requirement for an EPC).,58,102,3,Grid Supplied Electricity,,,,1500,53.64,62.48,109.29,66.12,Yes,"",3,1,Air Conditioning,3,,,Address Matched
0080-6997-0320-8617-7014,WINCHESTER HOUSE,Hockerill Anglo European College,Dunmow Road,BISHOP'S STORTFORD,CM23 5HX,"WINCHESTER HOUSE, Hockerill Anglo European College, Dunmow Road",E14001283,Hertford and Stortford,E07000242,East Hertfordshire,48,B,Further education universities,2010-08-06,2010-09-15,2010-09-15 13:31:59,Voluntary (No legal requirement for an EPC).,45,77,4,Natural Gas,,,,1660,59.01,52.54,90.95,56.95,Yes,"",2,3,Heating and Natural Ventilation,3,,,Address Matched
9322-3007-0708-0203-7625,STORAGE UNIT (A.K.A. THE COWSHED),Severn Trent Water Ltd,Stratford Road,WARWICK,CV34 6QW,"STORAGE UNIT (A.K.A. THE COWSHED), Severn Trent Water Ltd, Stratford Road",E14001566,Warwick and Leamington,E07000222,Warwick,292,G,Warehouse and storage,2010-03-23,2010-03-26,2012-08-07 15:13:33,Voluntary (No legal requirement for an EPC).,43,91,3,Grid Supplied Electricity,,,,437,25.23,21.66,45.68,147.4,No,"",,4,Heating and Natural Ventilation,3,,,Address Matched
9507-3056-0402-0902-5521,"FIRST FLOOR OFFICE, RIGHT HAND WAREHOUSE & OFFICES",Heritage House,345 Southbury Road,ENFIELD,EN1 1UP,"FIRST FLOOR OFFICE, RIGHT HAND WAREHOUSE & OFFICES, Heritage House, 345 Southbury Road",E14001225,Enfield North,E09000010,Enfield,100,D,Warehouse and storage,2010-06-25,2010-07-01,2013-08-07 13:29:38,Mandatory issue (Property to let).,45,97,3,Natural Gas,,,,10069,30.3,27.23,58.72,60.5,Yes,"",3,5,Heating and Natural Ventilation,3,,,
0141-0930-0009-5827-2002,VISITOR'S CENTRE,Severn Trent Ltd,Calke Road,DERBY,DE73 1DL,"VISITOR'S CENTRE, Severn Trent Ltd, Calke Road",E14001483,South Derbyshire,E07000039,South Derbyshire,127,F,Libraries/museums/galleries,2010-03-29,2010-03-30,2013-08-02 16:36:12,Voluntary (No legal requirement for an EPC).,42,80,3,Grid Supplied Electricity,,,,153,55.33,46.36,88.8,140.54,No,"",,4,Heating and Natural Ventilation,3,,,
0270-1955-0300-6544-8014,DEPOT & WORKSHOP,Severn Trent Water Ltd,Hucknall Road,NOTTINGHAM,NG5 1FH,"DEPOT & WORKSHOP, Severn Trent Water Ltd, Hucknall Road",E14001410,Nottingham East,E06000018,Nottingham,86,D,Workshops/maintenance depot,2010-03-25,2010-03-29,2012-07-11 17:04:58,Voluntary (No legal requirement for an EPC).,33,64,3,Natural Gas,,,,469,34.59,22.66,44.37,59.46,No,"",,4,Heating and Natural Ventilation,3,,,Address Matched
0594-7687-2830-9500-7003,,Horse & Groom,Consett Road,CONSETT,DH8 9QQ,"Horse & Groom, Consett Road",E14001389,North Durham,E06000047,County Durham,88,D,Restaurant/public house,2010-08-31,2010-09-01,2010-09-01 12:21:02,Mandatory issue (Property to let).,39,68,3,Natural Gas,,,,282,59.55,46.3,80.58,104.88,No,"",,4,Heating and Natural Ventilation,3,,,Address Matched
0873-0030-3049-5223-2002,NEW BLOCK,St. Mary Redcliffe & Temple C of E V A School,Somerset Square,BRISTOL,BS1 6RT,"NEW BLOCK, St. Mary Redcliffe & Temple C of E V A School, Somerset Square",E14001131,Bristol Central,E06000023,"Bristol, City of",27,B,Secondary school,2010-07-28,2010-07-29,2012-06-15 13:07:08,Mandatory issue (Property on construction).,39,73,3,Biomass,,,,4626,38.08,29.54,55.76,20.92,No,"",,4,Heating and Mechanical Ventilation,3,,,Address Matched
9717-3027-0706-0900-6995,,Unit 3,Wonastow Road Industrial Estate (West,MONMOUTH,NP25 5JA,"Unit 3, Wonastow Road Industrial Estate (West",W07000101,Monmouthshire,W06000021,Monmouthshire,86,D,Warehouse and storage,2010-03-16,2010-03-22,2011-05-02 16:55:53,Mandatory issue (Marketed sale).,41,88,3,Natural Gas,,,,105,32.4,26.45,56.74,55.49,No,"",,4,Heating and Natural Ventilation,3,,,Address Matched
0260-5945-0320-0551-9070,"GROUND FLOOR OFFICE, LEFT HAND WAREHOUSE & OFFICES",Heritage House,345 Southbury Road,ENFIELD,EN1 1UP,"GROUND FLOOR OFFICE, LEFT HAND WAREHOUSE & OFFICES, Heritage House, 345 Southbury Road",E14001225,Enfield North,E09000010,Enfield,102,E,Warehouse and storage,2010-06-25,2010-07-01,2013-08-07 12:49:33,Mandatory issue (Property to let).,43,94,3,Natural Gas,,,,9809,29.8,25.91,56.06,60.98,Yes,"",3,5,Heating and Natural Ventilation,3,,,
0791-0788-2130-5900-6073,WINCHESTER HOUSE,Hockerill Anglo European College,Dunmow Road,BISHOP'S STORTFORD,CM23 5HX,"WINCHESTER HOUSE, Hockerill Anglo European College, Dunmow Road",E14001283,Hertford and Stortford,E07000242,East Hertfordshire,49,B,Further education universities,2010-08-05,2010-08-20,2010-08-20 14:04:24,Voluntary (No legal requirement for an EPC).,45,79,4,Natural Gas,,,,1593,57.34,51.93,90.51,56.31,Yes,"",2,3,Heating and Natural Ventilation,3,,,Address Matched
9756-3064-0903-0101-5391,FIRST FLOOR OFFICES & PART GROUND FLOOR WAREHOUSE SOUTH BUILDING,Petapak Works,Sugar House Lane,LONDON,E15 2QS,"FIRST FLOOR OFFICES & PART GROUND FLOOR WAREHOUSE SOUTH BUILDING, Petapak Works, Sugar House Lane",E14001525,Stratford and Bow,E09000025,Newham,80,D,Warehouse and storage,2010-04-15,2010-04-16,2013-08-14 17:31:09,Mandatory issue (Non-marketed sale).,44,90,3,Grid Supplied Electricity,,,,3798,4.19,3.7,7.53,6.69,No,"",,4,Heating and Natural Ventilation,3,,,Address Matched
9231-3097-0806-0700-2001,,25 Church Road,Gatley,CHEADLE,SK8 4NG,"25 Church Road, Gatley",E14001158,Cheadle,E08000007,Stockport,76,D,Retail,2010-03-02,2010-03-02,2010-03-02 16:03:44,,38,50,3,Grid Supplied Electricity,,,,62,,,,,No,"",,4,Heating and Natural Ventilation,3,,,Address Matched
0282-0330-2339-9702-7096,GROUND FLOOR KIOSK & FIRST FLOOR OFFICE,1143 Warwick Road,Acocks Green,BIRMINGHAM,B27 6RA,"GROUND FLOOR KIOSK & FIRST FLOOR OFFICE, 1143 Warwick Road, Acocks Green",E14001100,Birmingham Yardley,E08000025,Birmingham,211,G,Retail,2010-12-02,2010-12-06,2013-08-27 15:51:08,Mandatory issue (Property to let).,44,69,3,Grid Supplied Electricity,,,,65,36.44,31.93,50.4,153.51,No,"",,4,Heating and Natural Ventilation,3,,,Address Matched
9864-3000-0004-0491-5695,FIRST & SECOND FLOORS,157 Stoke Newington High Street,,LONDON,N16 0NY,"FIRST & SECOND FLOORS, 157 Stoke Newington High Street",E14001259,Hackney North and Stoke Newington,E09000012,Hackney,75,C,Office,2010-10-15,2010-10-15,2013-08-23 17:30:44,Mandatory issue (Property to let).,37,68,3,Natural Gas,,,,118,24.38,17.87,33.29,36.56,No,"",,4,Heating and Natural Ventilation,3,,,Address Matched
9850-3044-0703-0600-9825,,3 Binchester Street,,SOUTH SHIELDS,NE34 9AR,3 Binchester Street,E14001492,South Shields,E08000023,South Tyneside,93,D,Retail,2010-04-21,2010-04-23,2010-04-23 17:38:50,Mandatory issue (Marketed sale).,40,52,3,Grid Supplied Electricity,,,,51,90.58,73.09,93.75,168.58,No,"",,4,Heating and Natural Ventilation,3,,100000507928,Energy Assessor
0301-3015-0388-0900-4795,,Leatherhead Leisure Centre & Water Park,Guildford Road,LEATHERHEAD,KT22 9BL,"Leatherhead Leisure Centre & Water Park, Guildford Road",E14001227,Epsom and Ewell,E07000210,Mole Valley,42,B,Sports centre/leisure centre,2008-05-14,2010-10-25,2011-07-12 10:24:22,Mandatory issue (Marketed sale).,51,86,3,Natural Gas,,,,2597,48.25,48.87,83.39,40.51,No,"",,4,Air Conditioning,3,,,Address Matched
0307-0142-9130-9600-6103,,30/31 Market Place,,DONCASTER,DN1 1NE,30/31 Market Place,E14001198,Doncaster Central,E08000017,Doncaster,54,C,Retail,2009-04-01,2010-09-06,2011-05-26 13:08:59,Mandatory issue (Property to let).,38,53,3,Grid Supplied Electricity,,,,168,30.88,23.48,32.55,33.27,No,"",,4,Heating and Natural Ventilation,3,,,Address Matched
0250-1948-0390-7470-0084,,"Units B4, B5, B6 & C4",Pontygwindy Industrial Estate,CAERPHILLY,CF83 3HU,"Units B4, B5, B6 & C4, Pontygwindy Industrial Estate",W07000088,Caerphilly,W06000018,Caerphilly,165,G,Warehouse and storage,2010-05-24,2010-06-08,2011-05-07 18:44:37,Mandatory issue (Property to let).,47,88,3,Oil,,,,609,30.83,29.11,54.04,101.6,No,"",,4,Heating and Natural Ventilation,3,,,Address Matched
0980-5996-0320-3340-1080,,37 St. Martin's Lane,,LONDON,WC2N 4ER,37 St. Martin's Lane,E14001172,Cities of London and Westminster,E09000033,Westminster,163,G,Restaurant/public house,2010-08-17,2010-08-21,2013-08-07 13:26:51,Mandatory issue (Marketed sale).,44,68,3,Grid Supplied Electricity,,,,427,42.85,37.83,58.27,140.04,No,"",,4,Heating and Mechanical Ventilation,3,,,Address Matched
0341-0130-2259-4399-8092,BASEMENT & GROUND FLOOR,10 Carlos Place,,LONDON,W1K 3AT,"BASEMENT & GROUND FLOOR, 10 Carlos Place",E14001172,Cities of London and Westminster,E09000033,Westminster,137,F,Office,2010-11-17,2010-11-18,2013-08-02 17:02:25,Mandatory issue (Property to let).,34,59,3,Oil,,,,183,31.07,21.34,36.68,85.32,No,"",,4,Heating and Natural Ventilation,3,,,Address Matched
0970-6996-0300-6910-2074,,Spire Yale Hospital,Croesnewydd Road,WREXHAM,LL13 7YP,"Spire Yale Hospital, Croesnewydd Road",W07000111,Wrexham,W06000006,Wrexham,113,E,Hospital,2010-03-11,2010-04-27,2010-04-27 16:37:11,Mandatory issue (Marketed sale).,60,121,4,Natural Gas,,,,1390,80.91,97.64,196.02,182.59,Yes,"",2,5,Heating and Mechanical Ventilation,3,,10013541138,Energy Assessor
0920-9947-0320-1300-1060,,West Jesmond Primary School,Tankerville Terrace,NEWCASTLE UPON TYNE,NE2 3AJ,"West Jesmond Primary School, Tankerville Terrace",E14001379,Newcastle upon Tyne North,E08000021,Newcastle upon Tyne,44,B,Primary school,2010-02-17,2010-03-15,2010-03-25 09:43:50,Mandatory issue (Property on construction).,50,106,4,Natural Gas,,,,3507,16.11,15.95,34.02,14.27,No,"",,4,Heating and Natural Ventilation,3,,4510701546,Energy Assessor
0399-2644-8030-0500-5013,CAR SALES AREA & FIRST FLOOR OFFICE,28 Burton Road,Finedon,WELLINGBOROUGH,NN9 5HX,"CAR SALES AREA & FIRST FLOOR OFFICE, 28 Burton Road, Finedon",E14001571,Wellingborough and Rushden,E06000061,North Northamptonshire,115,E,Office,2010-04-20,2010-04-22,2013-08-07 12:57:04,Mandatory issue (Property to let).,61,129,3,Grid Supplied Electricity,,,,128,53.64,65.59,138.78,123.18,No,"",,4,Air Conditioning,3,,,Address Matched
0497-2508-1330-0290-6003,,"Kiosks C, D & E",John Street,CARMARTHEN,SA31 1QN,"Kiosks C, D & E, John Street",W07000087,Caerfyrddin,W06000010,Carmarthenshire,78,D,Retail,2010-10-20,2010-11-02,2011-07-03 17:31:18,Mandatory issue (Marketed sale).,44,58,3,Grid Supplied Electricity,,,,29,142.8,125.92,165,223.2,No,"",,4,Heating and Natural Ventilation,3,,,
0040-3904-0300-0640-3034,,Unit 25,Wonastow Road Industrial Estate (East),MONMOUTH,NP25 5JB,"Unit 25, Wonastow Road Industrial Estate (East)",W07000101,Monmouthshire,W06000021,Monmouthshire,129,F,Warehouse and storage,2010-04-06,2010-04-29,2011-05-02 16:51:45,Mandatory issue (Property to let).,51,101,3,Grid Supplied Electricity,,,,364,17,17.32,34.33,44.01,No,"",,4,Heating and Natural Ventilation,3,,,Address Matched
0390-9435-1730-4200-1013,GROUND FLOOR & BASEMENT,"69, Whitechapel High Street",,LONDON,E1 7PL,"GROUND FLOOR & BASEMENT, 69, Whitechapel High Street",E14001086,Bethnal Green and Stepney,E09000030,Tower Hamlets,220,G,Retail,2010-07-14,2010-07-14,2013-07-24 16:19:34,Mandatory issue (Property to let).,55,79,3,Grid Supplied Electricity,,,,110,85.24,94.44,135.4,374.41,Yes,"",1,4,Air Conditioning,3,,,Address Matched
9831-3054-0306-0401-7821,"GROUND, FIRST & SECOND FLOORS",Nicholas House,3 Laurence Pountney Hill,LONDON,EC4R 0BB,"GROUND, FIRST & SECOND FLOORS, Nicholas House, 3 Laurence Pountney Hill",E14001172,Cities of London and Westminster,E09000001,City of London,79,D,Office,2010-04-23,2010-04-23,2013-08-23 17:14:11,Mandatory issue (Property to let).,67,154,3,Grid Supplied Electricity,,,,344,35.97,47.85,110.7,56.68,Yes,"",2,5,Air Conditioning,3,,,
0760-0530-9439-6029-6006,,"273, Anlaby Road",,HULL,HU3 2SE,"273, Anlaby Road",E14001315,Kingston upon Hull West and Haltemprice,E06000010,"Kingston upon Hull, City of",89,D,Restaurant/public house,2010-01-23,2010-02-02,2010-02-02 20:18:35,,42,67,3,Natural Gas,,,,97,,,,,No,"",,4,Heating and Natural Ventilation,3,,21005382,Energy Assessor
0970-0730-4169-3023-1006,,Bishop Auckland Fire Station,Fylands Bridge,BISHOP AUCKLAND,DL14 6RS,"Bishop Auckland Fire Station, Fylands Bridge",E14001101,Bishop Auckland,E06000047,County Durham,41,B,Emergency services,2010-07-21,2010-09-07,2010-09-15 14:51:30,Mandatory issue (Property on construction).,52,99,3,Natural Gas,,,,1623,53.86,55.71,106.15,43.98,Yes,"",2,2,Heating and Mechanical Ventilation,3,,,Address Matched
0040-9928-0390-2331-1020,"BASEMENT, GROUND, FIRST & SECOND FLOORS",140 Harley Street,,LONDON,W1G 7LB,"BASEMENT, GROUND, FIRST & SECOND FLOORS, 140 Harley Street",E14001172,Cities of London and Westminster,E09000033,Westminster,102,E,Primary health care buildings,2010-04-07,2010-04-08,2013-08-27 14:00:36,Mandatory issue (Property to let).,59,132,3,Natural Gas,,,,552,31.54,37.31,83.54,64.58,Yes,12,,2,Air Conditioning,3,,,
0552-0730-0369-4127-1006,DEPOT & WELFARE BLOCK,Severn Trent Water Ltd,Regis Road,WOLVERHAMPTON,WV6 8RU,"DEPOT & WELFARE BLOCK, Severn Trent Water Ltd, Regis Road",E14001596,Wolverhampton West,E08000031,Wolverhampton,89,D,Warehouse and storage,2010-03-25,2010-03-26,2013-08-02 17:24:21,Voluntary (No legal requirement for an EPC).,39,79,3,Natural Gas,,,,1289,39.85,30.74,62.94,70.95,No,"",,4,Heating and Natural Ventilation,3,,,Address Matched
9102-3069-0507-0893-3895,FITTER'S SHOP,Cemex Concrete Products,"Barbary Plains,",PENRITH,CA11 8SR,"FITTER'S SHOP, Cemex Concrete Products, Barbary Plains,",E14001424,Penrith and Solway,E06000064,Westmorland and Furness,78,D,Workshops/maintenance depot,2010-11-17,2010-11-18,2012-07-14 18:21:57,Mandatory issue (Marketed sale).,32,57,3,Oil,,,,281,59.03,37.82,67.47,91.59,No,"",,4,Heating and Natural Ventilation,3,,,Address Matched
9502-3047-0000-0001-1921,VISITOR'S CENTRE,Foremark Reservoir Depot,Milton,DERBY,DE65 6EG,"VISITOR'S CENTRE, Foremark Reservoir Depot, Milton",E14001483,South Derbyshire,E07000039,South Derbyshire,114,E,Libraries/museums/galleries,2010-03-29,2010-03-30,2013-08-05 12:52:01,Voluntary (No legal requirement for an EPC).,53,83,3,Grid Supplied Electricity,,,,63,72.14,76.34,119.59,164.14,No,"",,4,Heating and Natural Ventilation,3,,,Address Matched
0980-0530-5919-2777-4006,,24 High Street,Knaphill,WOKING,GU21 2PE,"24 High Street, Knaphill",E14001592,Woking,E07000217,Woking,88,D,Retail,2010-03-31,2010-03-31,2010-03-31 17:24:09,Mandatory issue (Marketed sale).,56,88,3,Grid Supplied Electricity,,,,79,78.78,88.77,139.39,138.48,Yes,"",1,4,Air Conditioning,3,,100062333606,Energy Assessor
0050-4906-0340-9681-9060,GARAGE/WORKSHOP & TRAINING ROOMS OVER,Land Lying on the North of Bermondsey Street,,NEWCASTLE UPON TYNE,NE2 1AN,"GARAGE/WORKSHOP & TRAINING ROOMS OVER, Land Lying on the North of Bermondsey Street",E14001378,Newcastle upon Tyne East and Wallsend,E08000021,Newcastle upon Tyne,71,C,Workshops/maintenance depot,2010-05-06,2010-05-11,2013-08-02 16:15:16,Mandatory issue (Marketed sale).,34,73,3,Natural Gas,,,,1089,47.74,32.4,69.38,67.89,Yes,"",2,5,Heating and Natural Ventilation,3,,,Address Matched
0280-8941-0310-2080-2010,,23 Church Road,Gatley,CHEADLE,SK8 4NG,"23 Church Road, Gatley",E14001158,Cheadle,E08000007,Stockport,101,E,Retail,2010-08-20,2010-08-25,2010-08-25 17:17:13,Mandatory issue (Property to let).,39,50,3,Grid Supplied Electricity,,,,59,82.18,64.64,82.41,166.24,No,"",,4,Heating and Natural Ventilation,3,,,Address Matched
0270-0530-8109-2897-4002,,Henry Moore Clinic,26 Smawthorne Lane,CASTLEFORD,WF10 4EN,"Henry Moore Clinic, 26 Smawthorne Lane",E14001428,"Pontefract, Castleford and Knottingley",E08000036,Wakefield,95,D,Primary health care buildings,2010-03-12,2010-03-18,2010-03-24 18:35:26,Mandatory issue (Non-marketed sale).,36,71,3,Natural Gas,,,,376,38.75,27.92,55.22,73.36,No,"",,4,Heating and Natural Ventilation,3,,63101274,Energy Assessor
9329-3066-0309-0401-4321,FLOOR 1 (FRONT OFFICE SUITE),11-15 High Street,,Marlow,SL7 1AU,"FLOOR 1 (FRONT OFFICE SUITE), 11-15 High Street",E14001082,Beaconsfield,E06000060,Buckinghamshire,136,F,Office,2010-06-24,2010-07-08,2011-05-07 18:32:27,Mandatory issue (Property to let).,52,119,3,Grid Supplied Electricity,,,,44,35.06,36.69,83.73,95.36,Yes,"",1,4,Heating and Natural Ventilation,3,,,
9829-3072-0303-0391-2705,SECOND FLOOR & PART FIRST FLOOR,1143 Warwick Road,Acocks Green,BIRMINGHAM,B27 6RA,"SECOND FLOOR & PART FIRST FLOOR, 1143 Warwick Road, Acocks Green",E14001100,Birmingham Yardley,E08000025,Birmingham,113,E,Office,2010-12-02,2010-12-06,2013-08-28 17:25:38,Mandatory issue (Property to let).,47,88,3,Grid Supplied Electricity,,,,199,46.32,43.59,81.67,104.82,No,"",,4,Heating and Natural Ventilation,3,,,Address Matched
0591-2876-0430-5500-1033,MAINTENANCE BLOCK & STORES,Severn Trent Water Ltd,Hucknall Road,NOTTINGHAM,NG5 1FH,"MAINTENANCE BLOCK & STORES, Severn Trent Water Ltd, Hucknall Road",E14001410,Nottingham East,E06000018,Nottingham,80,D,Workshops/maintenance depot,2010-03-25,2010-03-29,2012-07-11 17:20:16,Voluntary (No legal requirement for an EPC).,44,77,3,Natural Gas,,,,1180,71,61.85,109.87,113.56,No,"",,4,Heating and Natural Ventilation,3,,,Address Matched
