certificate_number,address1,address2,address3,posttown,postcode,address,constituency,constituency_label,local_authority,local_authority_label,current_operational_rating,yr1_operational_rating,yr2_operational_rating,electric_co2,heating_co2,renewables_co2,property_type,inspection_date,lodgement_date,lodgement_datetime,main_benchmark,main_heating_fuel,special_energy_uses,renewable_sources,total_floor_area,annual_thermal_fuel_usage,typical_thermal_fuel_usage,typical_thermal_use,annual_electrical_fuel_usage,typical_electrical_fuel_usage,renewables_fuel_thermal,renewables_electrical,yr1_electricity_co2,yr2_electricity_co2,yr1_heating_co2,yr2_heating_co2,yr1_renewables_co2,yr2_renewables_co2,aircon_present,aircon_kw_rating,estimated_aircon_kw_rating,ac_inspection_commissioned,building_environment,building_category,operational_rating_band,nominated_date,or_assessment_end_date,occupancy_level,report_type,other_fuel,country,uprn,uprn_source
0161-0210-1759-0409-7096,Main Building,St. Wilfrids C of E Primary School,Mabel Street,MANCHESTER,M40 1GB,"Main Building, St. Wilfrids C of E Primary School, Mabel Street",E14001352,Manchester Central,E08000003,Manchester,112,121,,32,35,0,Schools And Seasonal Public Buildings,2010-11-09,2010-11-25,2010-11-25T18:53:50.000Z,Schools And Seasonal Public Buildings,Natural Gas,,,1088,164,169,169,53,40,0.0,0.0,31,,45,,0,,N,"",,4,Heating and Natural Ventilation,S3;,E,2010-07-30,2010-05-01,Standard Occupancy,1,,England,,Address Matched
0728-1080-0419-0490-2901,,Health & Safety Executive,"Wren House, Colchester Road, Hedgerows Business Park",CHELMSFORD,CM2 5PF,"Health & Safety Executive, Wren House, Colchester Road, Hedgerows Business Park",E14001159,Chelmsford,E07000070,Chelmsford,98,144,162,128,58,0,General Office,2009-10-02,2010-12-02,2011-12-08T18:49:15.000Z,General Office,Natural Gas,,,1305,228,188,188,178,197,0,0,131,149,68,73,0,0,N,"",,4,Heating and Mechanical Ventilation,C1;,D,2010-11-02,2010-08-31,Extended Occupancy,1,,England,,Address Matched
0240-9908-0100-6713-5234,STUDENT UNION (SU),University of Worcester,Henwick Grove,WORCESTER,WR2 6AJ,"STUDENT UNION (SU), University of Worcester, Henwick Grove",E14001597,Worcester,E07000237,Worcester,60,63,,57,44,0,"Bar, Pub Or Licensed Club; General Office",2010-04-23,2010-04-30,2010-04-30T11:23:18.000Z,"Bar, Pub Or Licensed Club",Natural Gas,,,1294,176,289,289,81,137,0,0,75,,31,,0,,N,"",,4,Mixed-mode with Mechanical Ventilation,H2; C1;,C,2009-09-30,2009-07-31,,1,,England,,Address Matched
9020-1978-0130-7700-6074,,University of Westminster,35 Marylebone Road,LONDON,NW1 5LS,"University of Westminster, 35 Marylebone Road",E14001172,Cities of London and Westminster,E09000033,Westminster,117,106,72,1887,1036,0,University Campus,2010-12-03,2010-12-07,2010-12-07T13:38:18.000Z,University Campus,Natural Gas,,,27738,192,239,239,124,80,0,0,1524,1682,1109,157,0,0,N,"",,4,Mixed-mode with Mechanical Ventilation,S4;,E,2010-12-30,2010-10-01,Standard Occupancy,1,,England,100022779973,Energy Assessor
0694-0510-6009-3102-8292,WOODBURY BUILDING (WB),University of Worcester,Henwick Grove,WORCESTER,WR2 6AJ,"WOODBURY BUILDING (WB), University of Worcester, Henwick Grove",E14001597,Worcester,E07000237,Worcester,114,100,105,163,149,0,General Office; University Campus,2010-12-06,2010-12-06,2010-12-06T12:33:37.000Z,General Office,Natural Gas,,,3449,223,145,145,86,93,0,0,153,199,118,82,0,0,N,"",,4,Heating and Natural Ventilation,C1; S4;,E,2010-09-30,2010-09-30,Standard Occupancy,1,,England,,Address Matched
0990-1978-0130-7700-6074,,University of Westminster,35 Marylebone Road,LONDON,NW1 5LS,"University of Westminster, 35 Marylebone Road",E14001172,Cities of London and Westminster,E09000033,Westminster,106,72,,1524,1109,0,University campus,2010-01-13,2010-07-29,2010-07-29T17:06:33.000Z,University Campus,Natural Gas,,,27709,206,233,233,100,80,0,0,1682,,157,,,,N,"",,4,Mixed-mode with Mechanical Ventilation,S4;,E,2009-12-16,2009-09-30,,1,,England,100022779973,Energy Assessor
0990-4928-0160-8490-3094,,Acomb Gables,2 Oak Rise,YORK,YO24 4LJ,"Acomb Gables, 2 Oak Rise",E14001604,York Central,E06000014,York,72,,,47,69,,General office; Long term residential,2010-01-14,2010-02-23,2010-02-23T19:32:19.000Z,Long term residential,Natural Gas,,,1367,260,407,407,62,70,0,0,,,,,,,N,"",,4,Heating and Natural Ventilation,C1; S7;,C,2010-02-28,2009-12-29,,1,,England,100052163926,Energy Assessor
0997-0344-6911-3400-5013,ROBERT BLACKBURN BUILDING,University of Hull,Cottingham Road,HULL,HU6 7RX,"ROBERT BLACKBURN BUILDING, University of Hull, Cottingham Road",E14001314,Kingston upon Hull North and Cottingham,E06000010,"Kingston upon Hull, City of",97,,,582,159,0,University Campus,2010-04-07,2010-04-21,2010-04-21T13:24:13.000Z,University Campus,Natural Gas,,,8175,100,252,252,129,80,0,0,,,,,,,Y,"",2,5,Heating and Natural Ventilation,S4;,D,2010-04-26,2010-01-31,,1,,England,,Address Matched
9020-3097-0121-1291-0090,MAIN BUILDING,Park Hill Junior School,Parkfield Drive,KENILWORTH,CV8 2JJ,"MAIN BUILDING, Park Hill Junior School, Parkfield Drive",E14001309,Kenilworth and Southam,E07000222,Warwick,79,,,35,30,,Schools And Seasonal Public Buildings,2009-12-02,2010-01-11,2010-01-11T13:29:05.000Z,Schools And Seasonal Public Buildings,Natural Gas,,,1557,99,160,160,41,40,0.0,0.0,,,,,,,N,"",,5,Heating and Natural Ventilation,S3;,D,2009-12-30,2009-09-30,,1,,England,,Address Matched
0980-0910-3569-5973-5002,,The Oxford & Buckinghamshire Mental Health Trust,4000 John Smith Drive,OXFORD,OX4 2GX,"The Oxford & Buckinghamshire Mental Health Trust, 4000 John Smith Drive",E14001419,Oxford East,E07000178,Oxford,83,96,,84,19,0,General Office,2010-07-31,2010-12-31,2011-04-04T14:38:03.000Z,General Office,Natural Gas,,,1669,58,117,117,92,95,0,0,101,,19,,0,,N,"",,4,Heating and Natural Ventilation,C1;,D,2009-10-31,2009-07-31,Standard Occupancy,1,,England,,Address Matched
9963-1012-0000-1598-6805,BINYON BUILDING (BY),University of Worcester,Henwick Grove,WORCESTER,WR2 6AJ,"BINYON BUILDING (BY), University of Worcester, Henwick Grove",E14001597,Worcester,E07000237,Worcester,87,76,80,73,67,0,General Office; University Campus,2010-12-06,2010-12-06,2010-12-06T11:00:20.000Z,University Campus,Natural Gas,,,1535,223,241,241,86,104,0,0,68,89,52,37,0,0,N,"",,4,Heating and Natural Ventilation,C1; S4;,D,2010-09-30,2010-09-30,Extended Occupancy,1,,England,,Address Matched
0410-0310-0039-8025-5006,,Haywards Heath Health Centre,Heath Road,HAYWARDS HEATH,RH16 3BB,"Haywards Heath Health Centre, Heath Road",E14001366,Mid Sussex,E07000228,Mid Sussex,80,,,67,47,0,Clinic; General Office,2010-05-24,2010-05-24,2010-05-27T09:13:49.000Z,Clinic,Natural Gas,,,1776,137,168,168,68,87,0,0,,,,,,,Y,"",2,3,Mixed-mode with Natural Ventilation,S5; C1;,D,2010-03-01,2010-01-28,,1,,England,200002897864,Energy Assessor
0260-1936-0190-4560-6094,,Royal Mail,"North West Midlands Mail Centre, 1 Sun Street",WOLVERHAMPTON,WV1 1AA,"Royal Mail, North West Midlands Mail Centre, 1 Sun Street",E14001594,Wolverhampton North East,E08000031,Wolverhampton,309,209,,5417,538,0,Fitness And Health Centre; General Office; Restaurant; Workshop,2010-06-25,2010-07-07,2010-07-08T14:30:06.000Z,Workshop,Natural Gas,,,25902,107,212,212,380,61,0,0,3068,,472,,0,,Y,"",3,1,Mixed-mode with Mechanical Ventilation,H7; C1; H1; W3;,G,2010-06-11,2010-04-30,,1,,England,10007121065,Energy Assessor
0490-0610-1709-5799-9006,,Bristol City Council,"The Council House, College Green",Bristol,BS1 5TR,"Bristol City Council, The Council House, College Green",E14001131,Bristol Central,E06000023,"Bristol, City of",86,84,,951,254,,General Office,2010-01-14,2010-01-14,2010-01-14T12:08:43.000Z,General Office,Natural Gas,,,16434,80,125,125,105,110,0.0,0.0,927,,232,,,,Y,"",2,4,Heating and Natural Ventilation,C1;,D,2010-01-14,2009-11-30,,1,,England,1,Energy Assessor
0970-0310-5819-8102-9092,,University of Westminster,32-38 Wells Street,LONDON,W1T 3UW,"University of Westminster, 32-38 Wells Street",E14001172,Cities of London and Westminster,E09000033,Westminster,62,70,65,120,119,0,University Campus,2010-12-01,2010-12-07,2010-12-07T13:53:30.000Z,University Campus,Natural Gas,,,4255,144,239,239,51,80,0,0,153,105,112,137,0,0,N,"",,4,Heating and Natural Ventilation,S4;,C,2010-12-30,2010-10-01,Standard Occupancy,1,,England,10033599253,Energy Assessor
0710-6953-0100-1040-4054,,Lyon Park Junior & Infant School,Vincent Road,WEMBLEY,HA0 4HH,"Lyon Park Junior & Infant School, Vincent Road",E14001123,Brent West,E09000005,Brent,107,9999,200,124,149,0,Schools And Seasonal Public Buildings,2010-09-30,2010-12-10,2011-08-14T21:33:47.000Z,Schools And Seasonal Public Buildings,Natural Gas,,,4994,154,149,149,45,40,0,0,0,0,0,0,0,0,Y,"",1,5,Heating and Natural Ventilation,S3;,E,2010-09-30,2010-09-29,Standard Occupancy,1,,England,,Address Matched
0150-0510-1619-1029-1092,,Tamworth & Lichfield College,Croft Street,TAMWORTH,B79 8AE,"Tamworth & Lichfield College, Croft Street",E14001538,Tamworth,E07000199,Tamworth,68,72,,611,289,0,University Campus,2010-11-29,2010-11-30,2011-04-04T18:22:58.000Z,University Campus,Natural Gas,,,11731,127,293,293,95,100,0,0,611,,269,,0,,Y,"",2,5,Heating and Mechanical Ventilation,S4;,C,2010-09-30,2010-08-01,Extended Occupancy,1,,England,,
9020-9908-0100-6612-5230,SPORTS CENTRE (SC),University of Worcester,Henwick Grove,WORCESTER,WR2 6AJ,"SPORTS CENTRE (SC), University of Worcester, Henwick Grove",E14001597,Worcester,E07000237,Worcester,73,82,67,109,100,0,Dry Sports And Leisure Facility; General Office,2010-12-06,2010-12-06,2010-12-06T11:55:07.000Z,Dry Sports And Leisure Facility,Natural Gas,,,2303,223,335,335,86,109,0,0,131,133,101,55,0,0,N,"",,4,Mixed-mode with Mechanical Ventilation,H8; C1;,C,2010-09-30,2010-09-30,Extended Occupancy,1,,England,,Address Matched
9963-1014-0000-2504-7825,WOODBURY BUILDING (WB),University of Worcester,Henwick Grove,WORCESTER,WR2 6AJ,"WOODBURY BUILDING (WB), University of Worcester, Henwick Grove",E14001597,Worcester,E07000237,Worcester,100,105,,153,118,0,General Office; University Campus,2010-04-23,2010-04-30,2010-04-30T11:27:05.000Z,General Office,Natural Gas,,,3449,176,141,141,81,93,0,0,199,,82,,0,,N,"",,4,Heating and Natural Ventilation,C1; S4;,D,2009-09-30,2009-07-31,,1,,England,,Address Matched
0992-9773-8610-8000-4003,,Moor End Technology College,Dryclough Road,HUDDERSFIELD,HD4 5JA,"Moor End Technology College, Dryclough Road",E14001297,Huddersfield,E08000034,Kirklees,68,,,150,265,0,Schools And Seasonal Public Buildings,2010-03-18,2010-04-09,2010-04-09T09:41:26.000Z,Schools And Seasonal Public Buildings,Natural Gas,,,8285,165,196,196,33,64,0,0,,,,,,,Y,"",2,4,Heating and Natural Ventilation,S3;,C,2009-12-31,2009-11-25,,1,,England,,Address Matched
0699-0510-6009-3102-8196,HINES BUILDING (HB),University of Worcester,Henwick Grove,WORCESTER,WR2 6AJ,"HINES BUILDING (HB), University of Worcester, Henwick Grove",E14001597,Worcester,E07000237,Worcester,94,82,87,50,46,0,General Office; University Campus,2010-12-06,2010-12-06,2010-12-06T11:29:28.000Z,General Office,Natural Gas,,,1061,223,198,198,86,105,0,0,47,61,36,25,0,0,Y,"",2,5,Heating and Natural Ventilation,C1; S4;,D,2010-09-30,2010-09-30,Extended Occupancy,1,,England,,Address Matched
9200-9916-0110-6160-1040,,Tamworth & Lichfield College,The Friary,Lichfield,WS13 6QG,"Tamworth & Lichfield College, The Friary",E14001335,Lichfield,E07000194,Lichfield,67,,,301,116,0,University Campus,2010-10-29,2010-11-30,2011-04-04T18:29:17.000Z,University Campus,Natural Gas,,,5520,108,293,293,99,100,0,0,,,,,,,Y,"",2,5,Heating and Mechanical Ventilation,S4;,C,2010-09-30,2010-08-01,Extended Occupancy,1,,England,,Address Matched
0970-9984-0140-1690-5024,,Elemore Hall School,Littletown,DURHAM,DH6 1QD,"Elemore Hall School, Littletown",E14001173,City of Durham,E06000047,County Durham,90,110,,106,50,0,Schools And Seasonal Public Buildings,2010-03-16,2010-03-17,2010-07-06T14:46:03.000Z,Schools And Seasonal Public Buildings,Oil,,,3244,59,163,163,59,40,0.0,0.0,103,,110,,0,,N,"",,5,Heating and Natural Ventilation,S3;,D,2010-03-17,2010-01-01,,1,,England,,Address Matched
0830-0510-3779-0891-1006,,Roe Green Junior & Infant School,Princes Avenue,LONDON,NW9 9JL,"Roe Green Junior & Infant School, Princes Avenue",E14001270,Harrow East,E09000005,Brent,101,117,120,94,119,0,Schools And Seasonal Public Buildings,2010-09-18,2010-12-12,2011-08-14T21:30:30.000Z,Schools And Seasonal Public Buildings,Natural Gas,,,4148,148,148,148,41,40,0,0,98,99,146,145,0,0,Y,"",1,5,Heating and Natural Ventilation,S3;,E,2010-09-18,2010-09-01,Standard Occupancy,1,,England,,
0010-7067-0191-5940-9014,,Barons Court Infant School,Avenue Road,WESTCLIFF-ON-SEA,SS0 7PJ,"Barons Court Infant School, Avenue Road",E14001501,Southend East and Rochford,E06000033,Southend-on-Sea,73,74,,23,16,,Schools And Seasonal Public Buildings;,2009-09-01,2010-02-15,2010-02-15T09:52:14.000Z,Schools And Seasonal Public Buildings,Natural Gas,,,1001,82,161,161,41,40,0,0,25,,15,,,,N,"",,4,Heating and Natural Ventilation,S3; S3;,C,2009-09-01,2009-06-30,,1,,England,,Address Matched
0990-7989-0110-5410-3084,,University of Westminster,32-38 Wells Street,LONDON,W1T 3UW,"University of Westminster, 32-38 Wells Street",E14001172,Cities of London and Westminster,E09000033,Westminster,70,65,,153,112,0,University campus,2010-01-14,2010-07-29,2010-07-29T17:25:59.000Z,University Campus,Natural Gas,,,4255,135,233,233,65,80,0,0,105,,137,,,,N,"",,4,Heating and Natural Ventilation,S4;,C,2009-12-15,2009-09-30,,1,,England,10033599253,Energy Assessor
0850-0010-2959-8224-0006,,Bridgewater Primary School,Delaval Road,NEWCASTLE UPON TYNE,NE15 6NL,"Bridgewater Primary School, Delaval Road",E14001377,Newcastle upon Tyne Central and West,E08000021,Newcastle upon Tyne,105,,,128,81,0,Schools And Seasonal Public Buildings,2010-04-28,2010-05-19,2010-05-19T16:24:39.000Z,Schools And Seasonal Public Buildings,Natural Gas,,,3055,137,189,189,76,53,0,0,,,,,,,N,"",,4,Heating and Natural Ventilation,S3;,E,2010-05-01,2010-03-31,,1,,England,,Address Matched
0250-1995-0140-2272-5064,LIBRARY & TECHNOLOGY BLOCK,Trevelyan Middle School,Wood Close,WINDSOR,SL4 3LL,"LIBRARY & TECHNOLOGY BLOCK, Trevelyan Middle School, Wood Close",E14001588,Windsor,E06000040,Windsor and Maidenhead,88,,,37,35,0,Schools And Seasonal Public Buildings,2010-05-22,2010-07-03,2010-07-04T15:33:35.000Z,Schools And Seasonal Public Buildings,Natural Gas,,,1631,111,145,145,41,40,0.0,0.0,,,,,,,Y,"",1,4,Heating and Natural Ventilation,S3;,D,2010-06-30,2010-04-01,,1,,England,,Address Matched
0521-0918-0220-2109-0092,MAIN BUILDING,Ash Manor School,Manor Road,ALDERSHOT,GU12 6QH,"MAIN BUILDING, Ash Manor School, Manor Road",E14001249,Godalming and Ash,E07000209,Guildford,101,122,,132,203,,Schools and seasonal public buildings,2008-11-05,2010-01-15,2010-01-28T13:29:23.000Z,Schools and seasonal public buildings,Oil,,,6593,131,146,146,36,40,0,0,135,,258,,,,N,"",,4,Heating and Natural Ventilation,S3;,E,2009-10-31,2009-10-01,,1,,England,,Address Matched
9202-1011-0202-0901-4021,MAIN BUILDING,Ash Manor School,Manor Road,ALDERSHOT,GU12 6QH,"MAIN BUILDING, Ash Manor School, Manor Road",E14001249,Godalming and Ash,E07000209,Guildford,85,101,122,145,225,0,Dry Sports And Leisure Facility; Schools And Seasonal Public Buildings,2010-09-24,2010-09-30,2010-09-30T15:39:35.000Z,Schools And Seasonal Public Buildings,Oil,,,6593,142,191,191,40,53,0,0,132,135,203,258,0,0,Y,"",2,5,Heating and Natural Ventilation,H8; S3;,D,2010-11-30,2010-08-31,,1,,England,,Address Matched
0197-9797-7210-9190-2003,,St. Mary & St. Pancras Primary School,81 Werrington Street,LONDON,NW1 1QP,"St. Mary & St. Pancras Primary School, 81 Werrington Street",E14001290,Holborn and St Pancras,E09000007,Camden,63,23,,13,32,0,Schools And Seasonal Public Buildings,2010-11-11,2010-11-11,2012-03-20T16:19:14.000Z,Schools And Seasonal Public Buildings,Natural Gas,,,1400,118,148,148,17,40,0,0,13,,3,,0,,Y,"",2,3,Heating and Natural Ventilation,S3;,C,2010-11-11,2010-09-01,Standard Occupancy,1,,England,,Address Matched
9963-1012-0000-2593-6801,STUDENT UNION (SU),University of Worcester,Henwick Grove,WORCESTER,WR2 6AJ,"STUDENT UNION (SU), University of Worcester, Henwick Grove",E14001597,Worcester,E07000237,Worcester,68,60,60,61,56,0,"Bar, Pub Or Licensed Club; General Office",2010-12-06,2010-12-06,2010-12-06T12:04:40.000Z,"Bar, Pub Or Licensed Club",Natural Gas,,,1294,223,296,296,86,137,0,0,57,57,44,44,0,0,N,"",,4,Mixed-mode with Mechanical Ventilation,H2; C1;,C,2010-09-30,2010-09-30,Extended Occupancy,1,,England,,Address Matched
0893-2546-0112-7000-9023,SPORTS CENTRE (SC),University of Worcester,Henwick Grove,WORCESTER,WR2 6AJ,"SPORTS CENTRE (SC), University of Worcester, Henwick Grove",E14001597,Worcester,E07000237,Worcester,82,67,,131,101,0,Dry Sports And Leisure Facility; General Office,2010-04-23,2010-04-30,2010-04-30T11:22:11.000Z,Dry Sports And Leisure Facility,Natural Gas,,,2303,226,326,326,104,109,0,0,133,,55,,0,,N,"",,4,Mixed-mode with Mechanical Ventilation,H8; C1;,D,2009-09-30,2009-07-31,,1,,England,,Address Matched
0510-0110-8329-9996-6006,,St. Richards C of E First School,Four Pools Lane,EVESHAM,WR11 1DU,"St. Richards C of E First School, Four Pools Lane",E14001203,Droitwich and Evesham,E07000238,Wychavon,56,200,,30,28,0,Schools And Seasonal Public Buildings,2010-06-15,2010-06-15,2010-06-15T12:50:49.000Z,Schools And Seasonal Public Buildings,Natural Gas,,,1957,73,157,157,28,40,0,0,96,,106,,0,,N,1,,5,Heating and Natural Ventilation,S3,C,2010-03-30,2009-12-31,,1,,England,,Address Matched
0990-0710-3369-6020-1092,,Southview School,Conrad Road,WITHAM,CM8 2TA,"Southview School, Conrad Road",E14001590,Witham,E07000067,Braintree,127,107,,30,57,0,Schools And Seasonal Public Buildings,2010-10-21,2010-10-21,2010-10-21T17:46:30.000Z,Schools And Seasonal Public Buildings,Natural Gas,,,1276,229,163,163,43,40,0,0,26,,47,,0,,N,"",,4,Heating and Natural Ventilation,S3;,F,2010-10-30,2010-08-31,,1,,England,100091452421,Energy Assessor
9200-9998-0170-6942-3034,EDUCATION CENTRE & NURSES HOME,Trafford Healthcare N H S Trust,"Trafford General Hospital, Moorside Road",MANCHESTER,M41 5SL,"EDUCATION CENTRE & NURSES HOME, Trafford Healthcare N H S Trust, Trafford General Hospital, Moorside Road",E14001528,Stretford and Urmston,E08000009,Trafford,125,124,,421,513,0,Hospital - Clinical And Research,2010-10-21,2010-11-24,2011-04-12T11:28:28.000Z,Hospital - Clinical And Research,Natural Gas,,,5231,505,480,480,146,90,0.0,0.0,440,,462,,0,,Y,"",2,2,Mixed-mode with Natural Ventilation,S6;,E,2010-11-12,2010-09-30,Standard Occupancy,1,,England,,Address Matched
9963-1014-0000-1508-7821,BINYON BUILDING (BY),University of Worcester,Henwick Grove,WORCESTER,WR2 6AJ,"BINYON BUILDING (BY), University of Worcester, Henwick Grove",E14001597,Worcester,E07000237,Worcester,76,80,,68,52,0,General Office; University Campus,2010-04-23,2010-04-30,2010-04-30T11:12:55.000Z,University Campus,Natural Gas,,,1535,176,235,235,81,104,0,0,89,,37,,0,,Y,"",2,5,Heating and Natural Ventilation,C1; S4;,D,2009-09-30,2009-07-31,,1,,England,,Address Matched
